{"cameraMode":{"drawMode":0,"name":"Shaded","section":"Shading Mode"},"sceneLighting":true,"audioPlay":false,"sceneViewState":{"m_AlwaysRefresh":false,"showFog":true,"showSkybox":false,"showFlares":true,"showImageEffects":true,"showParticleSystems":true,"showVisualEffectGraphs":true,"m_FxEnabled":false},"in2DMode":false,"pivot":{"x":8.621574401855469,"y":-0.9541511535644531,"z":-12.425055503845215},"rotation":{"x":-0.0020891183521598579,"y":-0.9965720176696777,"z":0.07820255309343338,"w":-0.02661888301372528},"size":7.729359149932861,"orthographic":false}