{"cameraMode":{"drawMode":0,"name":"Shaded","section":"Shading Mode"},"sceneLighting":true,"audioPlay":false,"sceneViewState":{"m_AlwaysRefresh":false,"showFog":true,"showSkybox":true,"showFlares":true,"showImageEffects":true,"showParticleSystems":true,"showVisualEffectGraphs":true,"m_FxEnabled":false},"in2DMode":false,"pivot":{"x":4.325404644012451,"y":2.613954782485962,"z":0.004464149475097656},"rotation":{"x":-0.025874609127640725,"y":-0.6946697235107422,"z":0.02501894161105156,"w":-0.7184280157089233},"size":2.3180620670318605,"orthographic":false}