{"cameraMode":{"drawMode":0,"name":"Shaded","section":"Shading Mode"},"sceneLighting":true,"audioPlay":false,"sceneViewState":{"m_AlwaysRefresh":false,"showFog":true,"showSkybox":true,"showFlares":true,"showImageEffects":true,"showParticleSystems":true,"showVisualEffectGraphs":true,"m_FxEnabled":false},"in2DMode":false,"pivot":{"x":-5.318671226501465,"y":1.7699607610702515,"z":1.543823480606079},"rotation":{"x":-0.10169613361358643,"y":0.39380085468292239,"z":-0.04391951486468315,"w":-0.9125250577926636},"size":2.7198662757873537,"orthographic":false}