{"cameraMode":{"drawMode":0,"name":"Shaded","section":"Shading Mode"},"sceneLighting":true,"audioPlay":false,"sceneViewState":{"m_AlwaysRefresh":false,"showFog":true,"showSkybox":true,"showFlares":true,"showImageEffects":true,"showParticleSystems":true,"showVisualEffectGraphs":true,"m_FxEnabled":false},"in2DMode":false,"pivot":{"x":-6.897622585296631,"y":2.1192734241485597,"z":0.07540138810873032},"rotation":{"x":-0.04707230255007744,"y":0.7145339250564575,"z":-0.04830565303564072,"w":-0.6963353157043457},"size":2.1825931072235109,"orthographic":false}